000000000000000000000000
111111110000000000000000
111100001111000000000000
000011111111000000000000
110011001100110000000000
001100111100110000000000
001111000011110000000000
110000110011110000000000
101010101010101000000000
010101011010101000000000
010110100101101000000000
101001010101101000000000
011001100110011000000000
100110010110011000000000
100101101001011000000000
011010011001011000000000
100110011001100100000000
011001101001100100000000
011010010110100100000000
100101100110100100000000
010101010101010100000000
101010100101010100000000
101001011010010100000000
010110101010010100000000
001100110011001100000000
110011000011001100000000
110000111100001100000000
001111001100001100000000
111111111111111100000000
000000001111111100000000
000011110000111100000000
111100000000111100000000
101010011100000011000000
010101101100000011000000
010110010011000011000000
101001100011000011000000
011001010000110011000000
100110100000110011000000
100101011111110011000000
011010101111110011000000
000000110110101011000000
111111000110101011000000
111100111001101011000000
000011001001101011000000
110011111010011011000000
001100001010011011000000
001111110101011011000000
110000000101011011000000
001100000101100111000000
110011110101100111000000
110000001010100111000000
001111111010100111000000
111111001001010111000000
000000111001010111000000
000011000110010111000000
111100110110010111000000
100110101111001111000000
011001011111001111000000
011010100000001111000000
100101010000001111000000
010101100011111111000000
101010010011111111000000
101001101100111111000000
010110011100111111000000
100111001010000010100000
011000111010000010100000
011011000101000010100000
100100110101000010100000
010100000110110010100000
101011110110110010100000
101000001001110010100000
010111111001110010100000
001101100000101010100000
110010010000101010100000
110001101111101010100000
001110011111101010100000
111110101100011010100000
000001011100011010100000
000010100011011010100000
111101010011011010100000
000001010011100110100000
111110100011100110100000
111101011100100110100000
000010101100100110100000
110010011111010110100000
001101101111010110100000
001110010000010110100000
110001100000010110100000
101011111001001110100000
010100001001001110100000
010111110110001110100000
101000000110001110100000
011000110101111110100000
100111000101111110100000
100100111010111110100000
011011001010111110100000
001101010110000001100000
110010100110000001100000
110001011001000001100000
001110101001000001100000
111110011010110001100000
000001101010110001100000
000010010101110001100000
111101100101110001100000
100111111100101001100000
011000001100101001100000
011011110011101001100000
100100000011101001100000
010100110000011001100000
101011000000011001100000
101000111111011001100000
010111001111011001100000
101011001111100101100000
010100111111100101100000
010111000000100101100000
101000110000100101100000
011000000011010101100000
100111110011010101100000
100100001100010101100000
011011111100010101100000
000001100101001101100000
111110010101001101100000
111101101010001101100000
000010011010001101100000
110010101001111101100000
001101011001111101100000
001110100110111101100000
110001010110111101100000
110010101001000010010000
001101011001000010010000
001110100110000010010000
110001010110000010010000
000001100101110010010000
111110010101110010010000
111101101010110010010000
000010011010110010010000
011000000011101010010000
100111110011101010010000
100100001100101010010000
011011111100101010010000
101011001111011010010000
010100111111011010010000
010111000000011010010000
101000110000011010010000
010100110000100110010000
101011000000100110010000
101000111111100110010000
010111001111100110010000
100111111100010110010000
011000001100010110010000
011011110011010110010000
100100000011010110010000
111110011010001110010000
000001101010001110010000
000010010101001110010000
111101100101001110010000
001101010110111110010000
110010100110111110010000
110001011001111110010000
001110101001111110010000
011000110101000001010000
100111000101000001010000
100100111010000001010000
011011001010000001010000
101011111001110001010000
010100001001110001010000
010111110110110001010000
101000000110110001010000
110010011111101001010000
001101101111101001010000
001110010000101001010000
110001100000101001010000
000001010011011001010000
111110100011011001010000
111101011100011001010000
000010101100011001010000
111110101100100101010000
000001011100100101010000
000010100011100101010000
111101010011100101010000
001101100000010101010000
110010010000010101010000
110001101111010101010000
001110011111010101010000
010100000110001101010000
101011110110001101010000
101000001001001101010000
010111111001001101010000
100111001010111101010000
011000111010111101010000
011011000101111101010000
100100110101111101010000
010101100011000000110000
101010010011000000110000
101001101100000000110000
010110011100000000110000
100110101111110000110000
011001011111110000110000
011010100000110000110000
100101010000110000110000
111111001001101000110000
000000111001101000110000
000011000110101000110000
111100110110101000110000
001100000101011000110000
110011110101011000110000
110000001010011000110000
001111111010011000110000
110011111010100100110000
001100001010100100110000
001111110101100100110000
110000000101100100110000
000000110110010100110000
111111000110010100110000
111100111001010100110000
000011001001010100110000
011001010000001100110000
100110100000001100110000
100101011111001100110000
011010101111001100110000
101010011100111100110000
010101101100111100110000
010110010011111100110000
101001100011111100110000
111111111111000011110000
000000001111000011110000
000011110000000011110000
111100000000000011110000
001100110011110011110000
110011000011110011110000
110000111100110011110000
001111001100110011110000
010101010101101011110000
101010100101101011110000
101001011010101011110000
010110101010101011110000
100110011001011011110000
011001101001011011110000
011010010110011011110000
100101100110011011110000
011001100110100111110000
100110010110100111110000
100101101001100111110000
011010011001100111110000
101010101010010111110000
010101011010010111110000
010110100101010111110000
101001010101010111110000
110011001100001111110000
001100111100001111110000
001111000011001111110000
110000110011001111110000
000000000000111111110000
111111110000111111110000
111100001111111111110000
000011111111111111110000
011110001000100010001000
100001111000100010001000
100010000111100010001000
011101110111100010001000
101101000100010010001000
010010110100010010001000
010001001011010010001000
101110111011010010001000
110100100010001010001000
001011010010001010001000
001000101101001010001000
110111011101001010001000
000111101110111010001000
111000011110111010001000
111011100001111010001000
000100010001111010001000
111000010001000110001000
000111100001000110001000
000100011110000110001000
111011101110000110001000
001011011101110110001000
110100101101110110001000
110111010010110110001000
001000100010110110001000
010010111011101110001000
101101001011101110001000
101110110100101110001000
010001000100101110001000
100001110111011110001000
011110000111011110001000
011101111000011110001000
100010001000011110001000
110100010100100001001000
001011100100100001001000
001000011011100001001000
110111101011100001001000
000111011000010001001000
111000101000010001001000
111011010111010001001000
000100100111010001001000
011110111110001001001000
100001001110001001001000
100010110001001001001000
011101000001001001001000
101101110010111001001000
010010000010111001001000
010001111101111001001000
101110001101111001001000
010010001101000101001000
101101111101000101001000
101110000010000101001000
010001110010000101001000
100001000001110101001000
011110110001110101001000
011101001110110101001000
100010111110110101001000
111000100111101101001000
000111010111101101001000
000100101000101101001000
111011011000101101001000
001011101011011101001000
110100011011011101001000
110111100100011101001000
001000010100011101001000
111001000010100000101000
000110110010100000101000
000101001101100000101000
111010111101100000101000
001010001110010000101000
110101111110010000101000
110110000001010000101000
001001110001010000101000
010011101000001000101000
101100011000001000101000
101111100111001000101000
010000010111001000101000
100000100100111000101000
011111010100111000101000
011100101011111000101000
100011011011111000101000
011111011011000100101000
100000101011000100101000
100011010100000100101000
011100100100000100101000
101100010111110100101000
010011100111110100101000
010000011000110100101000
101111101000110100101000
110101110001101100101000
001010000001101100101000
001001111110101100101000
110110001110101100101000
000110111101011100101000
111001001101011100101000
111010110010011100101000
000101000010011100101000
010011011110100011101000
101100101110100011101000
101111010001100011101000
010000100001100011101000
100000010010010011101000
011111100010010011101000
011100011101010011101000
100011101101010011101000
111001110100001011101000
000110000100001011101000
000101111011001011101000
111010001011001011101000
001010111000111011101000
110101001000111011101000
110110110111111011101000
001001000111111011101000
110101000111000111101000
001010110111000111101000
001001001000000111101000
110110111000000111101000
000110001011110111101000
111001111011110111101000
111010000100110111101000
000101110100110111101000
011111101101101111101000
100000011101101111101000
100011100010101111101000
011100010010101111101000
101100100001011111101000
010011010001011111101000
010000101110011111101000
101111011110011111101000
101100100001100000011000
010011010001100000011000
010000101110100000011000
101111011110100000011000
011111101101010000011000
100000011101010000011000
100011100010010000011000
011100010010010000011000
000110001011001000011000
111001111011001000011000
111010000100001000011000
000101110100001000011000
110101000111111000011000
001010110111111000011000
001001001000111000011000
110110111000111000011000
001010111000000100011000
110101001000000100011000
110110110111000100011000
001001000111000100011000
111001110100110100011000
000110000100110100011000
000101111011110100011000
111010001011110100011000
100000010010101100011000
011111100010101100011000
011100011101101100011000
100011101101101100011000
010011011110011100011000
101100101110011100011000
101111010001011100011000
010000100001011100011000
000110111101100011011000
111001001101100011011000
111010110010100011011000
000101000010100011011000
110101110001010011011000
001010000001010011011000
001001111110010011011000
110110001110010011011000
101100010111001011011000
010011100111001011011000
010000011000001011011000
101111101000001011011000
011111011011111011011000
100000101011111011011000
100011010100111011011000
011100100100111011011000
100000100100000111011000
011111010100000111011000
011100101011000111011000
100011011011000111011000
010011101000110111011000
101100011000110111011000
101111100111110111011000
010000010111110111011000
001010001110101111011000
110101111110101111011000
110110000001101111011000
001001110001101111011000
111001000010011111011000
000110110010011111011000
000101001101011111011000
111010111101011111011000
001011101011100010111000
110100011011100010111000
110111100100100010111000
001000010100100010111000
111000100111010010111000
000111010111010010111000
000100101000010010111000
111011011000010010111000
100001000001001010111000
011110110001001010111000
011101001110001010111000
100010111110001010111000
010010001101111010111000
101101111101111010111000
101110000010111010111000
010001110010111010111000
101101110010000110111000
010010000010000110111000
010001111101000110111000
101110001101000110111000
011110111110110110111000
100001001110110110111000
100010110001110110111000
011101000001110110111000
000111011000101110111000
111000101000101110111000
111011010111101110111000
000100100111101110111000
110100010100011110111000
001011100100011110111000
001000011011011110111000
110111101011011110111000
100001110111100001111000
011110000111100001111000
011101111000100001111000
100010001000100001111000
010010111011010001111000
101101001011010001111000
101110110100010001111000
010001000100010001111000
001011011101001001111000
110100101101001001111000
110111010010001001111000
001000100010001001111000
111000010001111001111000
000111100001111001111000
000100011110111001111000
111011101110111001111000
000111101110000101111000
111000011110000101111000
111011100001000101111000
000100010001000101111000
110100100010110101111000
001011010010110101111000
001000101101110101111000
110111011101110101111000
101101000100101101111000
010010110100101101111000
010001001011101101111000
101110111011101101111000
011110001000011101111000
100001111000011101111000
100010000111011101111000
011101110111011101111000
000000001100110011001100
111111111100110011001100
111100000011110011001100
000011110011110011001100
110011000000000011001100
001100110000000011001100
001111001111000011001100
110000111111000011001100
101010100110011011001100
010101010110011011001100
010110101001011011001100
101001011001011011001100
011001101010101011001100
100110011010101011001100
100101100101101011001100
011010010101101011001100
100110010101010111001100
011001100101010111001100
011010011010010111001100
100101101010010111001100
010101011001100111001100
101010101001100111001100
101001010110100111001100
010110100110100111001100
001100111111111111001100
110011001111111111001100
110000110000111111001100
001111000000111111001100
111111110011001111001100
000000000011001111001100
000011111100001111001100
111100001100001111001100
101010010000110000001100
010101100000110000001100
010110011111110000001100
101001101111110000001100
011001011100000000001100
100110101100000000001100
100101010011000000001100
011010100011000000001100
000000111010011000001100
111111001010011000001100
111100110101011000001100
000011000101011000001100
110011110110101000001100
001100000110101000001100
001111111001101000001100
110000001001101000001100
001100001001010100001100
110011111001010100001100
110000000110010100001100
001111110110010100001100
111111000101100100001100
000000110101100100001100
000011001010100100001100
111100111010100100001100
100110100011111100001100
011001010011111100001100
011010101100111100001100
100101011100111100001100
010101101111001100001100
101010011111001100001100
101001100000001100001100
010110010000001100001100
100111000110110001101100
011000110110110001101100
011011001001110001101100
100100111001110001101100
010100001010000001101100
101011111010000001101100
101000000101000001101100
010111110101000001101100
001101101100011001101100
110010011100011001101100
110001100011011001101100
001110010011011001101100
111110100000101001101100
000001010000101001101100
000010101111101001101100
111101011111101001101100
000001011111010101101100
111110101111010101101100
111101010000010101101100
000010100000010101101100
110010010011100101101100
001101100011100101101100
001110011100100101101100
110001101100100101101100
101011110101111101101100
010100000101111101101100
010111111010111101101100
101000001010111101101100
011000111001001101101100
100111001001001101101100
100100110110001101101100
011011000110001101101100
001101011010110010101100
110010101010110010101100
110001010101110010101100
001110100101110010101100
111110010110000010101100
000001100110000010101100
000010011001000010101100
111101101001000010101100
100111110000011010101100
011000000000011010101100
011011111111011010101100
100100001111011010101100
010100111100101010101100
101011001100101010101100
101000110011101010101100
010111000011101010101100
101011000011010110101100
010100110011010110101100
010111001100010110101100
101000111100010110101100
011000001111100110101100
100111111111100110101100
100100000000100110101100
011011110000100110101100
000001101001111110101100
111110011001111110101100
111101100110111110101100
000010010110111110101100
110010100101001110101100
001101010101001110101100
001110101010001110101100
110001011010001110101100
110010100101110001011100
001101010101110001011100
001110101010110001011100
110001011010110001011100
000001101001000001011100
111110011001000001011100
111101100110000001011100
000010010110000001011100
011000001111011001011100
100111111111011001011100
100100000000011001011100
011011110000011001011100
101011000011101001011100
010100110011101001011100
010111001100101001011100
101000111100101001011100
010100111100010101011100
101011001100010101011100
101000110011010101011100
010111000011010101011100
100111110000100101011100
011000000000100101011100
011011111111100101011100
100100001111100101011100
111110010110111101011100
000001100110111101011100
000010011001111101011100
111101101001111101011100
001101011010001101011100
110010101010001101011100
110001010101001101011100
001110100101001101011100
011000111001110010011100
100111001001110010011100
100100110110110010011100
011011000110110010011100
101011110101000010011100
010100000101000010011100
010111111010000010011100
101000001010000010011100
110010010011011010011100
001101100011011010011100
001110011100011010011100
110001101100011010011100
000001011111101010011100
111110101111101010011100
111101010000101010011100
000010100000101010011100
111110100000010110011100
000001010000010110011100
000010101111010110011100
111101011111010110011100
001101101100100110011100
110010011100100110011100
110001100011100110011100
001110010011100110011100
010100001010111110011100
101011111010111110011100
101000000101111110011100
010111110101111110011100
100111000110001110011100
011000110110001110011100
011011001001001110011100
100100111001001110011100
010101101111110011111100
101010011111110011111100
101001100000110011111100
010110010000110011111100
100110100011000011111100
011001010011000011111100
011010101100000011111100
100101011100000011111100
111111000101011011111100
000000110101011011111100
000011001010011011111100
111100111010011011111100
001100001001101011111100
110011111001101011111100
110000000110101011111100
001111110110101011111100
110011110110010111111100
001100000110010111111100
001111111001010111111100
110000001001010111111100
000000111010100111111100
111111001010100111111100
111100110101100111111100
000011000101100111111100
011001011100111111111100
100110101100111111111100
100101010011111111111100
011010100011111111111100
101010010000001111111100
010101100000001111111100
010110011111001111111100
101001101111001111111100
111111110011110000111100
000000000011110000111100
000011111100110000111100
111100001100110000111100
001100111111000000111100
110011001111000000111100
110000110000000000111100
001111000000000000111100
010101011001011000111100
101010101001011000111100
101001010110011000111100
010110100110011000111100
100110010101101000111100
011001100101101000111100
011010011010101000111100
100101101010101000111100
011001101010010100111100
100110011010010100111100
100101100101010100111100
011010010101010100111100
101010100110100100111100
010101010110100100111100
010110101001100100111100
101001011001100100111100
110011000000111100111100
001100110000111100111100
001111001111111100111100
110000111111111100111100
000000001100001100111100
111111111100001100111100
111100000011001100111100
000011110011001100111100
011110000100010001000100
100001110100010001000100
100010001011010001000100
011101111011010001000100
101101001000100001000100
010010111000100001000100
010001000111100001000100
101110110111100001000100
110100101110111001000100
001011011110111001000100
001000100001111001000100
110111010001111001000100
000111100010001001000100
111000010010001001000100
111011101101001001000100
000100011101001001000100
111000011101110101000100
000111101101110101000100
000100010010110101000100
111011100010110101000100
001011010001000101000100
110100100001000101000100
110111011110000101000100
001000101110000101000100
010010110111011101000100
101101000111011101000100
101110111000011101000100
010001001000011101000100
100001111011101101000100
011110001011101101000100
011101110100101101000100
100010000100101101000100
110100011000010010000100
001011101000010010000100
001000010111010010000100
110111100111010010000100
000111010100100010000100
111000100100100010000100
111011011011100010000100
000100101011100010000100
011110110010111010000100
100001000010111010000100
100010111101111010000100
011101001101111010000100
101101111110001010000100
010010001110001010000100
010001110001001010000100
101110000001001010000100
010010000001110110000100
101101110001110110000100
101110001110110110000100
010001111110110110000100
100001001101000110000100
011110111101000110000100
011101000010000110000100
100010110010000110000100
111000101011011110000100
000111011011011110000100
000100100100011110000100
111011010100011110000100
001011100111101110000100
110100010111101110000100
110111101000101110000100
001000011000101110000100
111001001110010011100100
000110111110010011100100
000101000001010011100100
111010110001010011100100
001010000010100011100100
110101110010100011100100
110110001101100011100100
001001111101100011100100
010011100100111011100100
101100010100111011100100
101111101011111011100100
010000011011111011100100
100000101000001011100100
011111011000001011100100
011100100111001011100100
100011010111001011100100
011111010111110111100100
100000100111110111100100
100011011000110111100100
011100101000110111100100
101100011011000111100100
010011101011000111100100
010000010100000111100100
101111100100000111100100
110101111101011111100100
001010001101011111100100
001001110010011111100100
110110000010011111100100
000110110001101111100100
111001000001101111100100
111010111110101111100100
000101001110101111100100
010011010010010000100100
101100100010010000100100
101111011101010000100100
010000101101010000100100
100000011110100000100100
011111101110100000100100
011100010001100000100100
100011100001100000100100
111001111000111000100100
000110001000111000100100
000101110111111000100100
111010000111111000100100
001010110100001000100100
110101000100001000100100
110110111011001000100100
001001001011001000100100
110101001011110100100100
001010111011110100100100
001001000100110100100100
110110110100110100100100
000110000111000100100100
111001110111000100100100
111010001000000100100100
000101111000000100100100
011111100001011100100100
100000010001011100100100
100011101110011100100100
011100011110011100100100
101100101101101100100100
010011011101101100100100
010000100010101100100100
101111010010101100100100
101100101101010011010100
010011011101010011010100
010000100010010011010100
101111010010010011010100
011111100001100011010100
100000010001100011010100
100011101110100011010100
011100011110100011010100
000110000111111011010100
111001110111111011010100
111010001000111011010100
000101111000111011010100
110101001011001011010100
001010111011001011010100
001001000100001011010100
110110110100001011010100
001010110100110111010100
110101000100110111010100
110110111011110111010100
001001001011110111010100
111001111000000111010100
000110001000000111010100
000101110111000111010100
111010000111000111010100
100000011110011111010100
011111101110011111010100
011100010001011111010100
100011100001011111010100
010011010010101111010100
101100100010101111010100
101111011101101111010100
010000101101101111010100
000110110001010000010100
111001000001010000010100
111010111110010000010100
000101001110010000010100
110101111101100000010100
001010001101100000010100
001001110010100000010100
110110000010100000010100
101100011011111000010100
010011101011111000010100
010000010100111000010100
101111100100111000010100
011111010111001000010100
100000100111001000010100
100011011000001000010100
011100101000001000010100
100000101000110100010100
011111011000110100010100
011100100111110100010100
100011010111110100010100
010011100100000100010100
101100010100000100010100
101111101011000100010100
010000011011000100010100
001010000010011100010100
110101110010011100010100
110110001101011100010100
001001111101011100010100
111001001110101100010100
000110111110101100010100
000101000001101100010100
111010110001101100010100
001011100111010001110100
110100010111010001110100
110111101000010001110100
001000011000010001110100
111000101011100001110100
000111011011100001110100
000100100100100001110100
111011010100100001110100
100001001101111001110100
011110111101111001110100
011101000010111001110100
100010110010111001110100
010010000001001001110100
101101110001001001110100
101110001110001001110100
010001111110001001110100
101101111110110101110100
010010001110110101110100
010001110001110101110100
101110000001110101110100
011110110010000101110100
100001000010000101110100
100010111101000101110100
011101001101000101110100
000111010100011101110100
111000100100011101110100
111011011011011101110100
000100101011011101110100
110100011000101101110100
001011101000101101110100
001000010111101101110100
110111100111101101110100
100001111011010010110100
011110001011010010110100
011101110100010010110100
100010000100010010110100
010010110111100010110100
101101000111100010110100
101110111000100010110100
010001001000100010110100
001011010001111010110100
110100100001111010110100
110111011110111010110100
001000101110111010110100
111000011101001010110100
000111101101001010110100
000100010010001010110100
111011100010001010110100
000111100010110110110100
111000010010110110110100
111011101101110110110100
000100011101110110110100
110100101110000110110100
001011011110000110110100
001000100001000110110100
110111010001000110110100
101101001000011110110100
010010111000011110110100
010001000111011110110100
101110110111011110110100
011110000100101110110100
100001110100101110110100
100010001011101110110100
011101111011101110110100
000000001010101010101010
111111111010101010101010
111100000101101010101010
000011110101101010101010
110011000110011010101010
001100110110011010101010
001111001001011010101010
110000111001011010101010
101010100000000010101010
010101010000000010101010
010110101111000010101010
101001011111000010101010
011001101100110010101010
100110011100110010101010
100101100011110010101010
011010010011110010101010
100110010011001110101010
011001100011001110101010
011010011100001110101010
100101101100001110101010
010101011111111110101010
101010101111111110101010
101001010000111110101010
010110100000111110101010
001100111001100110101010
110011001001100110101010
110000110110100110101010
001111000110100110101010
111111110101010110101010
000000000101010110101010
000011111010010110101010
111100001010010110101010
101010010110101001101010
010101100110101001101010
010110011001101001101010
101001101001101001101010
011001011010011001101010
100110101010011001101010
100101010101011001101010
011010100101011001101010
000000111100000001101010
111111001100000001101010
111100110011000001101010
000011000011000001101010
110011110000110001101010
001100000000110001101010
001111111111110001101010
110000001111110001101010
001100001111001101101010
110011111111001101101010
110000000000001101101010
001111110000001101101010
111111000011111101101010
000000110011111101101010
000011001100111101101010
111100111100111101101010
100110100101100101101010
011001010101100101101010
011010101010100101101010
100101011010100101101010
010101101001010101101010
101010011001010101101010
101001100110010101101010
010110010110010101101010
100111000000101000001010
011000110000101000001010
011011001111101000001010
100100111111101000001010
010100001100011000001010
101011111100011000001010
101000000011011000001010
010111110011011000001010
001101101010000000001010
110010011010000000001010
110001100101000000001010
001110010101000000001010
111110100110110000001010
000001010110110000001010
000010101001110000001010
111101011001110000001010
000001011001001100001010
111110101001001100001010
111101010110001100001010
000010100110001100001010
110010010101111100001010
001101100101111100001010
001110011010111100001010
110001101010111100001010
101011110011100100001010
010100000011100100001010
010111111100100100001010
101000001100100100001010
011000111111010100001010
100111001111010100001010
100100110000010100001010
011011000000010100001010
001101011100101011001010
110010101100101011001010
110001010011101011001010
001110100011101011001010
111110010000011011001010
000001100000011011001010
000010011111011011001010
111101101111011011001010
100111110110000011001010
011000000110000011001010
011011111001000011001010
100100001001000011001010
010100111010110011001010
101011001010110011001010
101000110101110011001010
010111000101110011001010
101011000101001111001010
010100110101001111001010
010111001010001111001010
101000111010001111001010
011000001001111111001010
100111111001111111001010
100100000110111111001010
011011110110111111001010
000001101111100111001010
111110011111100111001010
111101100000100111001010
000010010000100111001010
110010100011010111001010
001101010011010111001010
001110101100010111001010
110001011100010111001010
110010100011101000111010
001101010011101000111010
001110101100101000111010
110001011100101000111010
000001101111011000111010
111110011111011000111010
111101100000011000111010
000010010000011000111010
011000001001000000111010
100111111001000000111010
100100000110000000111010
011011110110000000111010
101011000101110000111010
010100110101110000111010
010111001010110000111010
101000111010110000111010
010100111010001100111010
101011001010001100111010
101000110101001100111010
010111000101001100111010
100111110110111100111010
011000000110111100111010
011011111001111100111010
100100001001111100111010
111110010000100100111010
000001100000100100111010
000010011111100100111010
111101101111100100111010
001101011100010100111010
110010101100010100111010
110001010011010100111010
001110100011010100111010
011000111111101011111010
100111001111101011111010
100100110000101011111010
011011000000101011111010
101011110011011011111010
010100000011011011111010
010111111100011011111010
101000001100011011111010
110010010101000011111010
001101100101000011111010
001110011010000011111010
110001101010000011111010
000001011001110011111010
111110101001110011111010
111101010110110011111010
000010100110110011111010
111110100110001111111010
000001010110001111111010
000010101001001111111010
111101011001001111111010
001101101010111111111010
110010011010111111111010
110001100101111111111010
001110010101111111111010
010100001100100111111010
101011111100100111111010
101000000011100111111010
010111110011100111111010
100111000000010111111010
011000110000010111111010
011011001111010111111010
100100111111010111111010
010101101001101010011010
101010011001101010011010
101001100110101010011010
010110010110101010011010
100110100101011010011010
011001010101011010011010
011010101010011010011010
100101011010011010011010
111111000011000010011010
000000110011000010011010
000011001100000010011010
111100111100000010011010
001100001111110010011010
110011111111110010011010
110000000000110010011010
001111110000110010011010
110011110000001110011010
001100000000001110011010
001111111111001110011010
110000001111001110011010
000000111100111110011010
111111001100111110011010
111100110011111110011010
000011000011111110011010
011001011010100110011010
100110101010100110011010
100101010101100110011010
011010100101100110011010
101010010110010110011010
010101100110010110011010
010110011001010110011010
101001101001010110011010
111111110101101001011010
000000000101101001011010
000011111010101001011010
111100001010101001011010
001100111001011001011010
110011001001011001011010
110000110110011001011010
001111000110011001011010
010101011111000001011010
101010101111000001011010
101001010000000001011010
010110100000000001011010
100110010011110001011010
011001100011110001011010
011010011100110001011010
100101101100110001011010
011001101100001101011010
100110011100001101011010
100101100011001101011010
011010010011001101011010
101010100000111101011010
010101010000111101011010
010110101111111101011010
101001011111111101011010
110011000110100101011010
001100110110100101011010
001111001001100101011010
110000111001100101011010
000000001010010101011010
111111111010010101011010
111100000101010101011010
000011110101010101011010
011110000010001000100010
100001110010001000100010
100010001101001000100010
011101111101001000100010
101101001110111000100010
010010111110111000100010
010001000001111000100010
101110110001111000100010
110100101000100000100010
001011011000100000100010
001000100111100000100010
110111010111100000100010
000111100100010000100010
111000010100010000100010
111011101011010000100010
000100011011010000100010
111000011011101100100010
000111101011101100100010
000100010100101100100010
111011100100101100100010
001011010111011100100010
110100100111011100100010
110111011000011100100010
001000101000011100100010
010010110001000100100010
101101000001000100100010
101110111110000100100010
010001001110000100100010
100001111101110100100010
011110001101110100100010
011101110010110100100010
100010000010110100100010
110100011110001011100010
001011101110001011100010
001000010001001011100010
110111100001001011100010
000111010010111011100010
111000100010111011100010
111011011101111011100010
000100101101111011100010
011110110100100011100010
100001000100100011100010
100010111011100011100010
011101001011100011100010
101101111000010011100010
010010001000010011100010
010001110111010011100010
101110000111010011100010
010010000111101111100010
101101110111101111100010
101110001000101111100010
010001111000101111100010
100001001011011111100010
011110111011011111100010
011101000100011111100010
100010110100011111100010
111000101101000111100010
000111011101000111100010
000100100010000111100010
111011010010000111100010
001011100001110111100010
110100010001110111100010
110111101110110111100010
001000011110110111100010
111001001000001010000010
000110111000001010000010
000101000111001010000010
111010110111001010000010
001010000100111010000010
110101110100111010000010
110110001011111010000010
001001111011111010000010
010011100010100010000010
101100010010100010000010
101111101101100010000010
010000011101100010000010
100000101110010010000010
011111011110010010000010
011100100001010010000010
100011010001010010000010
011111010001101110000010
100000100001101110000010
100011011110101110000010
011100101110101110000010
101100011101011110000010
010011101101011110000010
010000010010011110000010
101111100010011110000010
110101111011000110000010
001010001011000110000010
001001110100000110000010
110110000100000110000010
000110110111110110000010
111001000111110110000010
111010111000110110000010
000101001000110110000010
010011010100001001000010
101100100100001001000010
101111011011001001000010
010000101011001001000010
100000011000111001000010
011111101000111001000010
011100010111111001000010
100011100111111001000010
111001111110100001000010
000110001110100001000010
000101110001100001000010
111010000001100001000010
001010110010010001000010
110101000010010001000010
110110111101010001000010
001001001101010001000010
110101001101101101000010
001010111101101101000010
001001000010101101000010
110110110010101101000010
000110000001011101000010
111001110001011101000010
111010001110011101000010
000101111110011101000010
011111100111000101000010
100000010111000101000010
100011101000000101000010
011100011000000101000010
101100101011110101000010
010011011011110101000010
010000100100110101000010
101111010100110101000010
101100101011001010110010
010011011011001010110010
010000100100001010110010
101111010100001010110010
011111100111111010110010
100000010111111010110010
100011101000111010110010
011100011000111010110010
000110000001100010110010
111001110001100010110010
111010001110100010110010
000101111110100010110010
110101001101010010110010
001010111101010010110010
001001000010010010110010
110110110010010010110010
001010110010101110110010
110101000010101110110010
110110111101101110110010
001001001101101110110010
111001111110011110110010
000110001110011110110010
000101110001011110110010
111010000001011110110010
100000011000000110110010
011111101000000110110010
011100010111000110110010
100011100111000110110010
010011010100110110110010
101100100100110110110010
101111011011110110110010
010000101011110110110010
000110110111001001110010
111001000111001001110010
111010111000001001110010
000101001000001001110010
110101111011111001110010
001010001011111001110010
001001110100111001110010
110110000100111001110010
101100011101100001110010
010011101101100001110010
010000010010100001110010
101111100010100001110010
011111010001010001110010
100000100001010001110010
100011011110010001110010
011100101110010001110010
100000101110101101110010
011111011110101101110010
011100100001101101110010
100011010001101101110010
010011100010011101110010
101100010010011101110010
101111101101011101110010
010000011101011101110010
001010000100000101110010
110101110100000101110010
110110001011000101110010
001001111011000101110010
111001001000110101110010
000110111000110101110010
000101000111110101110010
111010110111110101110010
001011100001001000010010
110100010001001000010010
110111101110001000010010
001000011110001000010010
111000101101111000010010
000111011101111000010010
000100100010111000010010
111011010010111000010010
100001001011100000010010
011110111011100000010010
011101000100100000010010
100010110100100000010010
010010000111010000010010
101101110111010000010010
101110001000010000010010
010001111000010000010010
101101111000101100010010
010010001000101100010010
010001110111101100010010
101110000111101100010010
011110110100011100010010
100001000100011100010010
100010111011011100010010
011101001011011100010010
000111010010000100010010
111000100010000100010010
111011011101000100010010
000100101101000100010010
110100011110110100010010
001011101110110100010010
001000010001110100010010
110111100001110100010010
100001111101001011010010
011110001101001011010010
011101110010001011010010
100010000010001011010010
010010110001111011010010
101101000001111011010010
101110111110111011010010
010001001110111011010010
001011010111100011010010
110100100111100011010010
110111011000100011010010
001000101000100011010010
111000011011010011010010
000111101011010011010010
000100010100010011010010
111011100100010011010010
000111100100101111010010
111000010100101111010010
111011101011101111010010
000100011011101111010010
110100101000011111010010
001011011000011111010010
001000100111011111010010
110111010111011111010010
101101001110000111010010
010010111110000111010010
010001000001000111010010
101110110001000111010010
011110000010110111010010
100001110010110111010010
100010001101110111010010
011101111101110111010010
000000000110011001100110
111111110110011001100110
111100001001011001100110
000011111001011001100110
110011001010101001100110
001100111010101001100110
001111000101101001100110
110000110101101001100110
101010101100110001100110
010101011100110001100110
010110100011110001100110
101001010011110001100110
011001100000000001100110
100110010000000001100110
100101101111000001100110
011010011111000001100110
100110011111111101100110
011001101111111101100110
011010010000111101100110
100101100000111101100110
010101010011001101100110
101010100011001101100110
101001011100001101100110
010110101100001101100110
001100110101010101100110
110011000101010101100110
110000111010010101100110
001111001010010101100110
111111111001100101100110
000000001001100101100110
000011110110100101100110
111100000110100101100110
101010011010011010100110
010101101010011010100110
010110010101011010100110
101001100101011010100110
011001010110101010100110
100110100110101010100110
100101011001101010100110
011010101001101010100110
000000110000110010100110
111111000000110010100110
111100111111110010100110
000011001111110010100110
110011111100000010100110
001100001100000010100110
001111110011000010100110
110000000011000010100110
001100000011111110100110
110011110011111110100110
110000001100111110100110
001111111100111110100110
111111001111001110100110
000000111111001110100110
000011000000001110100110
111100110000001110100110
100110101001010110100110
011001011001010110100110
011010100110010110100110
100101010110010110100110
010101100101100110100110
101010010101100110100110
101001101010100110100110
010110011010100110100110
100111001100011011000110
011000111100011011000110
011011000011011011000110
100100110011011011000110
010100000000101011000110
101011110000101011000110
101000001111101011000110
010111111111101011000110
001101100110110011000110
110010010110110011000110
110001101001110011000110
001110011001110011000110
111110101010000011000110
000001011010000011000110
000010100101000011000110
111101010101000011000110
000001010101111111000110
111110100101111111000110
111101011010111111000110
000010101010111111000110
110010011001001111000110
001101101001001111000110
001110010110001111000110
110001100110001111000110
101011111111010111000110
010100001111010111000110
010111110000010111000110
101000000000010111000110
011000110011100111000110
100111000011100111000110
100100111100100111000110
011011001100100111000110
001101010000011000000110
110010100000011000000110
110001011111011000000110
001110101111011000000110
111110011100101000000110
000001101100101000000110
000010010011101000000110
111101100011101000000110
100111111010110000000110
011000001010110000000110
011011110101110000000110
100100000101110000000110
010100110110000000000110
101011000110000000000110
101000111001000000000110
010111001001000000000110
101011001001111100000110
010100111001111100000110
010111000110111100000110
101000110110111100000110
011000000101001100000110
100111110101001100000110
100100001010001100000110
011011111010001100000110
000001100011010100000110
111110010011010100000110
111101101100010100000110
000010011100010100000110
110010101111100100000110
001101011111100100000110
001110100000100100000110
110001010000100100000110
110010101111011011110110
001101011111011011110110
001110100000011011110110
110001010000011011110110
000001100011101011110110
111110010011101011110110
111101101100101011110110
000010011100101011110110
011000000101110011110110
100111110101110011110110
100100001010110011110110
011011111010110011110110
101011001001000011110110
010100111001000011110110
010111000110000011110110
101000110110000011110110
010100110110111111110110
101011000110111111110110
101000111001111111110110
010111001001111111110110
100111111010001111110110
011000001010001111110110
011011110101001111110110
100100000101001111110110
111110011100010111110110
000001101100010111110110
000010010011010111110110
111101100011010111110110
001101010000100111110110
110010100000100111110110
110001011111100111110110
001110101111100111110110
011000110011011000110110
100111000011011000110110
100100111100011000110110
011011001100011000110110
101011111111101000110110
010100001111101000110110
010111110000101000110110
101000000000101000110110
110010011001110000110110
001101101001110000110110
001110010110110000110110
110001100110110000110110
000001010101000000110110
111110100101000000110110
111101011010000000110110
000010101010000000110110
111110101010111100110110
000001011010111100110110
000010100101111100110110
111101010101111100110110
001101100110001100110110
110010010110001100110110
110001101001001100110110
001110011001001100110110
010100000000010100110110
101011110000010100110110
101000001111010100110110
010111111111010100110110
100111001100100100110110
011000111100100100110110
011011000011100100110110
100100110011100100110110
010101100101011001010110
101010010101011001010110
101001101010011001010110
010110011010011001010110
100110101001101001010110
011001011001101001010110
011010100110101001010110
100101010110101001010110
111111001111110001010110
000000111111110001010110
000011000000110001010110
111100110000110001010110
001100000011000001010110
110011110011000001010110
110000001100000001010110
001111111100000001010110
110011111100111101010110
001100001100111101010110
001111110011111101010110
110000000011111101010110
000000110000001101010110
111111000000001101010110
111100111111001101010110
000011001111001101010110
011001010110010101010110
100110100110010101010110
100101011001010101010110
011010101001010101010110
101010011010100101010110
010101101010100101010110
010110010101100101010110
101001100101100101010110
111111111001011010010110
000000001001011010010110
000011110110011010010110
111100000110011010010110
001100110101101010010110
110011000101101010010110
110000111010101010010110
001111001010101010010110
010101010011110010010110
101010100011110010010110
101001011100110010010110
010110101100110010010110
100110011111000010010110
011001101111000010010110
011010010000000010010110
100101100000000010010110
011001100000111110010110
100110010000111110010110
100101101111111110010110
011010011111111110010110
101010101100001110010110
010101011100001110010110
010110100011001110010110
101001010011001110010110
110011001010010110010110
001100111010010110010110
001111000101010110010110
110000110101010110010110
000000000110100110010110
111111110110100110010110
111100001001100110010110
000011111001100110010110
011110001110111011101110
100001111110111011101110
100010000001111011101110
011101110001111011101110
101101000010001011101110
010010110010001011101110
010001001101001011101110
101110111101001011101110
110100100100010011101110
001011010100010011101110
001000101011010011101110
110111011011010011101110
000111101000100011101110
111000011000100011101110
111011100111100011101110
000100010111100011101110
111000010111011111101110
000111100111011111101110
000100011000011111101110
111011101000011111101110
001011011011101111101110
110100101011101111101110
110111010100101111101110
001000100100101111101110
010010111101110111101110
101101001101110111101110
101110110010110111101110
010001000010110111101110
100001110001000111101110
011110000001000111101110
011101111110000111101110
100010001110000111101110
110100010010111000101110
001011100010111000101110
001000011101111000101110
110111101101111000101110
000111011110001000101110
111000101110001000101110
111011010001001000101110
000100100001001000101110
011110111000010000101110
100001001000010000101110
100010110111010000101110
011101000111010000101110
101101110100100000101110
010010000100100000101110
010001111011100000101110
101110001011100000101110
010010001011011100101110
101101111011011100101110
101110000100011100101110
010001110100011100101110
100001000111101100101110
011110110111101100101110
011101001000101100101110
100010111000101100101110
111000100001110100101110
000111010001110100101110
000100101110110100101110
111011011110110100101110
001011101101000100101110
110100011101000100101110
110111100010000100101110
001000010010000100101110
111001000100111001001110
000110110100111001001110
000101001011111001001110
111010111011111001001110
001010001000001001001110
110101111000001001001110
110110000111001001001110
001001110111001001001110
010011101110010001001110
101100011110010001001110
101111100001010001001110
010000010001010001001110
100000100010100001001110
011111010010100001001110
011100101101100001001110
100011011101100001001110
011111011101011101001110
100000101101011101001110
100011010010011101001110
011100100010011101001110
101100010001101101001110
010011100001101101001110
010000011110101101001110
101111101110101101001110
110101110111110101001110
001010000111110101001110
001001111000110101001110
110110001000110101001110
000110111011000101001110
111001001011000101001110
111010110100000101001110
000101000100000101001110
010011011000111010001110
101100101000111010001110
101111010111111010001110
010000100111111010001110
100000010100001010001110
011111100100001010001110
011100011011001010001110
100011101011001010001110
111001110010010010001110
000110000010010010001110
000101111101010010001110
111010001101010010001110
001010111110100010001110
110101001110100010001110
110110110001100010001110
001001000001100010001110
110101000001011110001110
001010110001011110001110
001001001110011110001110
110110111110011110001110
000110001101101110001110
111001111101101110001110
111010000010101110001110
000101110010101110001110
011111101011110110001110
100000011011110110001110
100011100100110110001110
011100010100110110001110
101100100111000110001110
010011010111000110001110
010000101000000110001110
101111011000000110001110
101100100111111001111110
010011010111111001111110
010000101000111001111110
101111011000111001111110
011111101011001001111110
100000011011001001111110
100011100100001001111110
011100010100001001111110
000110001101010001111110
111001111101010001111110
111010000010010001111110
000101110010010001111110
110101000001100001111110
001010110001100001111110
001001001110100001111110
110110111110100001111110
001010111110011101111110
110101001110011101111110
110110110001011101111110
001001000001011101111110
111001110010101101111110
000110000010101101111110
000101111101101101111110
111010001101101101111110
100000010100110101111110
011111100100110101111110
011100011011110101111110
100011101011110101111110
010011011000000101111110
101100101000000101111110
101111010111000101111110
010000100111000101111110
000110111011111010111110
111001001011111010111110
111010110100111010111110
000101000100111010111110
110101110111001010111110
001010000111001010111110
001001111000001010111110
110110001000001010111110
101100010001010010111110
010011100001010010111110
010000011110010010111110
101111101110010010111110
011111011101100010111110
100000101101100010111110
100011010010100010111110
011100100010100010111110
100000100010011110111110
011111010010011110111110
011100101101011110111110
100011011101011110111110
010011101110101110111110
101100011110101110111110
101111100001101110111110
010000010001101110111110
001010001000110110111110
110101111000110110111110
110110000111110110111110
001001110111110110111110
111001000100000110111110
000110110100000110111110
000101001011000110111110
111010111011000110111110
001011101101111011011110
110100011101111011011110
110111100010111011011110
001000010010111011011110
111000100001001011011110
000111010001001011011110
000100101110001011011110
111011011110001011011110
100001000111010011011110
011110110111010011011110
011101001000010011011110
100010111000010011011110
010010001011100011011110
101101111011100011011110
101110000100100011011110
010001110100100011011110
101101110100011111011110
010010000100011111011110
010001111011011111011110
101110001011011111011110
011110111000101111011110
100001001000101111011110
100010110111101111011110
011101000111101111011110
000111011110110111011110
111000101110110111011110
111011010001110111011110
000100100001110111011110
110100010010000111011110
001011100010000111011110
001000011101000111011110
110111101101000111011110
100001110001111000011110
011110000001111000011110
011101111110111000011110
100010001110111000011110
010010111101001000011110
101101001101001000011110
101110110010001000011110
010001000010001000011110
001011011011010000011110
110100101011010000011110
110111010100010000011110
001000100100010000011110
111000010111100000011110
000111100111100000011110
000100011000100000011110
111011101000100000011110
000111101000011100011110
111000011000011100011110
111011100111011100011110
000100010111011100011110
110100100100101100011110
001011010100101100011110
001000101011101100011110
110111011011101100011110
101101000010110100011110
010010110010110100011110
010001001101110100011110
101110111101110100011110
011110001110000100011110
100001111110000100011110
100010000001000100011110
011101110001000100011110
111111111111111111111111
000000001111111111111111
000011110000111111111111
111100000000111111111111
001100110011001111111111
110011000011001111111111
110000111100001111111111
001111001100001111111111
010101010101010111111111
101010100101010111111111
101001011010010111111111
010110101010010111111111
100110011001100111111111
011001101001100111111111
011010010110100111111111
100101100110100111111111
011001100110011011111111
100110010110011011111111
100101101001011011111111
011010011001011011111111
101010101010101011111111
010101011010101011111111
010110100101101011111111
101001010101101011111111
110011001100110011111111
001100111100110011111111
001111000011110011111111
110000110011110011111111
000000000000000011111111
111111110000000011111111
111100001111000011111111
000011111111000011111111
010101100011111100111111
101010010011111100111111
101001101100111100111111
010110011100111100111111
100110101111001100111111
011001011111001100111111
011010100000001100111111
100101010000001100111111
111111001001010100111111
000000111001010100111111
000011000110010100111111
111100110110010100111111
001100000101100100111111
110011110101100100111111
110000001010100100111111
001111111010100100111111
110011111010011000111111
001100001010011000111111
001111110101011000111111
110000000101011000111111
000000110110101000111111
111111000110101000111111
111100111001101000111111
000011001001101000111111
011001010000110000111111
100110100000110000111111
100101011111110000111111
011010101111110000111111
101010011100000000111111
010101101100000000111111
010110010011000000111111
101001100011000000111111
011000110101111101011111
100111000101111101011111
100100111010111101011111
011011001010111101011111
101011111001001101011111
010100001001001101011111
010111110110001101011111
101000000110001101011111
110010011111010101011111
001101101111010101011111
001110010000010101011111
110001100000010101011111
000001010011100101011111
111110100011100101011111
111101011100100101011111
000010101100100101011111
111110101100011001011111
000001011100011001011111
000010100011011001011111
111101010011011001011111
001101100000101001011111
110010010000101001011111
110001101111101001011111
001110011111101001011111
010100000110110001011111
101011110110110001011111
101000001001110001011111
010111111001110001011111
100111001010000001011111
011000111010000001011111
011011000101000001011111
100100110101000001011111
110010101001111110011111
001101011001111110011111
001110100110111110011111
110001010110111110011111
000001100101001110011111
111110010101001110011111
111101101010001110011111
000010011010001110011111
011000000011010110011111
100111110011010110011111
100100001100010110011111
011011111100010110011111
101011001111100110011111
010100111111100110011111
010111000000100110011111
101000110000100110011111
010100110000011010011111
101011000000011010011111
101000111111011010011111
010111001111011010011111
100111111100101010011111
011000001100101010011111
011011110011101010011111
100100000011101010011111
111110011010110010011111
000001101010110010011111
000010010101110010011111
111101100101110010011111
001101010110000010011111
110010100110000010011111
110001011001000010011111
001110101001000010011111
001101010110111101101111
110010100110111101101111
110001011001111101101111
001110101001111101101111
111110011010001101101111
000001101010001101101111
000010010101001101101111
111101100101001101101111
100111111100010101101111
011000001100010101101111
011011110011010101101111
100100000011010101101111
010100110000100101101111
101011000000100101101111
101000111111100101101111
010111001111100101101111
101011001111011001101111
010100111111011001101111
010111000000011001101111
101000110000011001101111
011000000011101001101111
100111110011101001101111
100100001100101001101111
011011111100101001101111
000001100101110001101111
111110010101110001101111
111101101010110001101111
000010011010110001101111
110010101001000001101111
001101011001000001101111
001110100110000001101111
110001010110000001101111
100111001010111110101111
011000111010111110101111
011011000101111110101111
100100110101111110101111
010100000110001110101111
101011110110001110101111
101000001001001110101111
010111111001001110101111
001101100000010110101111
110010010000010110101111
110001101111010110101111
001110011111010110101111
111110101100100110101111
000001011100100110101111
000010100011100110101111
111101010011100110101111
000001010011011010101111
111110100011011010101111
111101011100011010101111
000010101100011010101111
110010011111101010101111
001101101111101010101111
001110010000101010101111
110001100000101010101111
101011111001110010101111
010100001001110010101111
010111110110110010101111
101000000110110010101111
011000110101000010101111
100111000101000010101111
100100111010000010101111
011011001010000010101111
101010011100111111001111
010101101100111111001111
010110010011111111001111
101001100011111111001111
011001010000001111001111
100110100000001111001111
100101011111001111001111
011010101111001111001111
000000110110010111001111
111111000110010111001111
111100111001010111001111
000011001001010111001111
110011111010100111001111
001100001010100111001111
001111110101100111001111
110000000101100111001111
001100000101011011001111
110011110101011011001111
110000001010011011001111
001111111010011011001111
111111001001101011001111
000000111001101011001111
000011000110101011001111
111100110110101011001111
100110101111110011001111
011001011111110011001111
011010100000110011001111
100101010000110011001111
010101100011000011001111
101010010011000011001111
101001101100000011001111
010110011100000011001111
000000000000111100001111
111111110000111100001111
111100001111111100001111
000011111111111100001111
110011001100001100001111
001100111100001100001111
001111000011001100001111
110000110011001100001111
101010101010010100001111
010101011010010100001111
010110100101010100001111
101001010101010100001111
011001100110100100001111
100110010110100100001111
100101101001100100001111
011010011001100100001111
100110011001011000001111
011001101001011000001111
011010010110011000001111
100101100110011000001111
010101010101101000001111
101010100101101000001111
101001011010101000001111
010110101010101000001111
001100110011110000001111
110011000011110000001111
110000111100110000001111
001111001100110000001111
111111111111000000001111
000000001111000000001111
000011110000000000001111
111100000000000000001111
100001110111011101110111
011110000111011101110111
011101111000011101110111
100010001000011101110111
010010111011101101110111
101101001011101101110111
101110110100101101110111
010001000100101101110111
001011011101110101110111
110100101101110101110111
110111010010110101110111
001000100010110101110111
111000010001000101110111
000111100001000101110111
000100011110000101110111
111011101110000101110111
000111101110111001110111
111000011110111001110111
111011100001111001110111
000100010001111001110111
110100100010001001110111
001011010010001001110111
001000101101001001110111
110111011101001001110111
101101000100010001110111
010010110100010001110111
010001001011010001110111
101110111011010001110111
011110001000100001110111
100001111000100001110111
100010000111100001110111
011101110111100001110111
001011101011011110110111
110100011011011110110111
110111100100011110110111
001000010100011110110111
111000100111101110110111
000111010111101110110111
000100101000101110110111
111011011000101110110111
100001000001110110110111
011110110001110110110111
011101001110110110110111
100010111110110110110111
010010001101000110110111
101101111101000110110111
101110000010000110110111
010001110010000110110111
101101110010111010110111
010010000010111010110111
010001111101111010110111
101110001101111010110111
011110111110001010110111
100001001110001010110111
100010110001001010110111
011101000001001010110111
000111011000010010110111
111000101000010010110111
111011010111010010110111
000100100111010010110111
110100010100100010110111
001011100100100010110111
001000011011100010110111
110111101011100010110111
000110111101011111010111
111001001101011111010111
111010110010011111010111
000101000010011111010111
110101110001101111010111
001010000001101111010111
001001111110101111010111
110110001110101111010111
101100010111110111010111
010011100111110111010111
010000011000110111010111
101111101000110111010111
011111011011000111010111
100000101011000111010111
100011010100000111010111
011100100100000111010111
100000100100111011010111
011111010100111011010111
011100101011111011010111
100011011011111011010111
010011101000001011010111
101100011000001011010111
101111100111001011010111
010000010111001011010111
001010001110010011010111
110101111110010011010111
110110000001010011010111
001001110001010011010111
111001000010100011010111
000110110010100011010111
000101001101100011010111
111010111101100011010111
101100100001011100010111
010011010001011100010111
010000101110011100010111
101111011110011100010111
011111101101101100010111
100000011101101100010111
100011100010101100010111
011100010010101100010111
000110001011110100010111
111001111011110100010111
111010000100110100010111
000101110100110100010111
110101000111000100010111
001010110111000100010111
001001001000000100010111
110110111000000100010111
001010111000111000010111
110101001000111000010111
110110110111111000010111
001001000111111000010111
111001110100001000010111
000110000100001000010111
000101111011001000010111
111010001011001000010111
100000010010010000010111
011111100010010000010111
011100011101010000010111
100011101101010000010111
010011011110100000010111
101100101110100000010111
101111010001100000010111
010000100001100000010111
010011011110011111100111
101100101110011111100111
101111010001011111100111
010000100001011111100111
100000010010101111100111
011111100010101111100111
011100011101101111100111
100011101101101111100111
111001110100110111100111
000110000100110111100111
000101111011110111100111
111010001011110111100111
001010111000000111100111
110101001000000111100111
110110110111000111100111
001001000111000111100111
110101000111111011100111
001010110111111011100111
001001001000111011100111
110110111000111011100111
000110001011001011100111
111001111011001011100111
111010000100001011100111
000101110100001011100111
011111101101010011100111
100000011101010011100111
100011100010010011100111
011100010010010011100111
101100100001100011100111
010011010001100011100111
010000101110100011100111
101111011110100011100111
111001000010011100100111
000110110010011100100111
000101001101011100100111
111010111101011100100111
001010001110101100100111
110101111110101100100111
110110000001101100100111
001001110001101100100111
010011101000110100100111
101100011000110100100111
101111100111110100100111
010000010111110100100111
100000100100000100100111
011111010100000100100111
011100101011000100100111
100011011011000100100111
011111011011111000100111
100000101011111000100111
100011010100111000100111
011100100100111000100111
101100010111001000100111
010011100111001000100111
010000011000001000100111
101111101000001000100111
110101110001010000100111
001010000001010000100111
001001111110010000100111
110110001110010000100111
000110111101100000100111
111001001101100000100111
111010110010100000100111
000101000010100000100111
110100010100011101000111
001011100100011101000111
001000011011011101000111
110111101011011101000111
000111011000101101000111
111000101000101101000111
111011010111101101000111
000100100111101101000111
011110111110110101000111
100001001110110101000111
100010110001110101000111
011101000001110101000111
101101110010000101000111
010010000010000101000111
010001111101000101000111
101110001101000101000111
010010001101111001000111
101101111101111001000111
101110000010111001000111
010001110010111001000111
100001000001001001000111
011110110001001001000111
011101001110001001000111
100010111110001001000111
111000100111010001000111
000111010111010001000111
000100101000010001000111
111011011000010001000111
001011101011100001000111
110100011011100001000111
110111100100100001000111
001000010100100001000111
011110001000011110000111
100001111000011110000111
100010000111011110000111
011101110111011110000111
101101000100101110000111
010010110100101110000111
010001001011101110000111
101110111011101110000111
110100100010110110000111
001011010010110110000111
001000101101110110000111
110111011101110110000111
000111101110000110000111
111000011110000110000111
111011100001000110000111
000100010001000110000111
111000010001111010000111
000111100001111010000111
000100011110111010000111
111011101110111010000111
001011011101001010000111
110100101101001010000111
110111010010001010000111
001000100010001010000111
010010111011010010000111
101101001011010010000111
101110110100010010000111
010001000100010010000111
100001110111100010000111
011110000111100010000111
011101111000100010000111
100010001000100010000111
111111110011001100110011
000000000011001100110011
000011111100001100110011
111100001100001100110011
001100111111111100110011
110011001111111100110011
110000110000111100110011
001111000000111100110011
010101011001100100110011
101010101001100100110011
101001010110100100110011
010110100110100100110011
100110010101010100110011
011001100101010100110011
011010011010010100110011
100101101010010100110011
011001101010101000110011
100110011010101000110011
100101100101101000110011
011010010101101000110011
101010100110011000110011
010101010110011000110011
010110101001011000110011
101001011001011000110011
110011000000000000110011
001100110000000000110011
001111001111000000110011
110000111111000000110011
000000001100110000110011
111111111100110000110011
111100000011110000110011
000011110011110000110011
010101101111001111110011
101010011111001111110011
101001100000001111110011
010110010000001111110011
100110100011111111110011
011001010011111111110011
011010101100111111110011
100101011100111111110011
111111000101100111110011
000000110101100111110011
000011001010100111110011
111100111010100111110011
001100001001010111110011
110011111001010111110011
110000000110010111110011
001111110110010111110011
110011110110101011110011
001100000110101011110011
001111111001101011110011
110000001001101011110011
000000111010011011110011
111111001010011011110011
111100110101011011110011
000011000101011011110011
011001011100000011110011
100110101100000011110011
100101010011000011110011
011010100011000011110011
101010010000110011110011
010101100000110011110011
010110011111110011110011
101001101111110011110011
011000111001001110010011
100111001001001110010011
100100110110001110010011
011011000110001110010011
101011110101111110010011
010100000101111110010011
010111111010111110010011
101000001010111110010011
110010010011100110010011
001101100011100110010011
001110011100100110010011
110001101100100110010011
000001011111010110010011
111110101111010110010011
111101010000010110010011
000010100000010110010011
111110100000101010010011
000001010000101010010011
000010101111101010010011
111101011111101010010011
001101101100011010010011
110010011100011010010011
110001100011011010010011
001110010011011010010011
010100001010000010010011
101011111010000010010011
101000000101000010010011
010111110101000010010011
100111000110110010010011
011000110110110010010011
011011001001110010010011
100100111001110010010011
110010100101001101010011
001101010101001101010011
001110101010001101010011
110001011010001101010011
000001101001111101010011
111110011001111101010011
111101100110111101010011
000010010110111101010011
011000001111100101010011
100111111111100101010011
100100000000100101010011
011011110000100101010011
101011000011010101010011
010100110011010101010011
010111001100010101010011
101000111100010101010011
010100111100101001010011
101011001100101001010011
101000110011101001010011
010111000011101001010011
100111110000011001010011
011000000000011001010011
011011111111011001010011
100100001111011001010011
111110010110000001010011
000001100110000001010011
000010011001000001010011
111101101001000001010011
001101011010110001010011
110010101010110001010011
110001010101110001010011
001110100101110001010011
001101011010001110100011
110010101010001110100011
110001010101001110100011
001110100101001110100011
111110010110111110100011
000001100110111110100011
000010011001111110100011
111101101001111110100011
100111110000100110100011
011000000000100110100011
011011111111100110100011
100100001111100110100011
010100111100010110100011
101011001100010110100011
101000110011010110100011
010111000011010110100011
101011000011101010100011
010100110011101010100011
010111001100101010100011
101000111100101010100011
011000001111011010100011
100111111111011010100011
100100000000011010100011
011011110000011010100011
000001101001000010100011
111110011001000010100011
111101100110000010100011
000010010110000010100011
110010100101110010100011
001101010101110010100011
001110101010110010100011
110001011010110010100011
100111000110001101100011
011000110110001101100011
011011001001001101100011
100100111001001101100011
010100001010111101100011
101011111010111101100011
101000000101111101100011
010111110101111101100011
001101101100100101100011
110010011100100101100011
110001100011100101100011
001110010011100101100011
111110100000010101100011
000001010000010101100011
000010101111010101100011
111101011111010101100011
000001011111101001100011
111110101111101001100011
111101010000101001100011
000010100000101001100011
110010010011011001100011
001101100011011001100011
001110011100011001100011
110001101100011001100011
101011110101000001100011
010100000101000001100011
010111111010000001100011
101000001010000001100011
011000111001110001100011
100111001001110001100011
100100110110110001100011
011011000110110001100011
101010010000001100000011
010101100000001100000011
010110011111001100000011
101001101111001100000011
011001011100111100000011
100110101100111100000011
100101010011111100000011
011010100011111100000011
000000111010100100000011
111111001010100100000011
111100110101100100000011
000011000101100100000011
110011110110010100000011
001100000110010100000011
001111111001010100000011
110000001001010100000011
001100001001101000000011
110011111001101000000011
110000000110101000000011
001111110110101000000011
111111000101011000000011
000000110101011000000011
000011001010011000000011
111100111010011000000011
100110100011000000000011
011001010011000000000011
011010101100000000000011
100101011100000000000011
010101101111110000000011
101010011111110000000011
101001100000110000000011
010110010000110000000011
000000001100001111000011
111111111100001111000011
111100000011001111000011
000011110011001111000011
110011000000111111000011
001100110000111111000011
001111001111111111000011
110000111111111111000011
101010100110100111000011
010101010110100111000011
010110101001100111000011
101001011001100111000011
011001101010010111000011
100110011010010111000011
100101100101010111000011
011010010101010111000011
100110010101101011000011
011001100101101011000011
011010011010101011000011
100101101010101011000011
010101011001011011000011
101010101001011011000011
101001010110011011000011
010110100110011011000011
001100111111000011000011
110011001111000011000011
110000110000000011000011
001111000000000011000011
111111110011110011000011
000000000011110011000011
000011111100110011000011
111100001100110011000011
100001111011101110111011
011110001011101110111011
011101110100101110111011
100010000100101110111011
010010110111011110111011
101101000111011110111011
101110111000011110111011
010001001000011110111011
001011010001000110111011
110100100001000110111011
110111011110000110111011
001000101110000110111011
111000011101110110111011
000111101101110110111011
000100010010110110111011
111011100010110110111011
000111100010001010111011
111000010010001010111011
111011101101001010111011
000100011101001010111011
110100101110111010111011
001011011110111010111011
001000100001111010111011
110111010001111010111011
101101001000100010111011
010010111000100010111011
010001000111100010111011
101110110111100010111011
011110000100010010111011
100001110100010010111011
100010001011010010111011
011101111011010010111011
001011100111101101111011
110100010111101101111011
110111101000101101111011
001000011000101101111011
111000101011011101111011
000111011011011101111011
000100100100011101111011
111011010100011101111011
100001001101000101111011
011110111101000101111011
011101000010000101111011
100010110010000101111011
010010000001110101111011
101101110001110101111011
101110001110110101111011
010001111110110101111011
101101111110001001111011
010010001110001001111011
010001110001001001111011
101110000001001001111011
011110110010111001111011
100001000010111001111011
100010111101111001111011
011101001101111001111011
000111010100100001111011
111000100100100001111011
111011011011100001111011
000100101011100001111011
110100011000010001111011
001011101000010001111011
001000010111010001111011
110111100111010001111011
000110110001101100011011
111001000001101100011011
111010111110101100011011
000101001110101100011011
110101111101011100011011
001010001101011100011011
001001110010011100011011
110110000010011100011011
101100011011000100011011
010011101011000100011011
010000010100000100011011
101111100100000100011011
011111010111110100011011
100000100111110100011011
100011011000110100011011
011100101000110100011011
100000101000001000011011
011111011000001000011011
011100100111001000011011
100011010111001000011011
010011100100111000011011
101100010100111000011011
101111101011111000011011
010000011011111000011011
001010000010100000011011
110101110010100000011011
110110001101100000011011
001001111101100000011011
111001001110010000011011
000110111110010000011011
000101000001010000011011
111010110001010000011011
101100101101101111011011
010011011101101111011011
010000100010101111011011
101111010010101111011011
011111100001011111011011
100000010001011111011011
100011101110011111011011
011100011110011111011011
000110000111000111011011
111001110111000111011011
111010001000000111011011
000101111000000111011011
110101001011110111011011
001010111011110111011011
001001000100110111011011
110110110100110111011011
001010110100001011011011
110101000100001011011011
110110111011001011011011
001001001011001011011011
111001111000111011011011
000110001000111011011011
000101110111111011011011
111010000111111011011011
100000011110100011011011
011111101110100011011011
011100010001100011011011
100011100001100011011011
010011010010010011011011
101100100010010011011011
101111011101010011011011
010000101101010011011011
010011010010101100101011
101100100010101100101011
101111011101101100101011
010000101101101100101011
100000011110011100101011
011111101110011100101011
011100010001011100101011
100011100001011100101011
111001111000000100101011
000110001000000100101011
000101110111000100101011
111010000111000100101011
001010110100110100101011
110101000100110100101011
110110111011110100101011
001001001011110100101011
110101001011001000101011
001010111011001000101011
001001000100001000101011
110110110100001000101011
000110000111111000101011
111001110111111000101011
111010001000111000101011
000101111000111000101011
011111100001100000101011
100000010001100000101011
100011101110100000101011
011100011110100000101011
101100101101010000101011
010011011101010000101011
010000100010010000101011
101111010010010000101011
111001001110101111101011
000110111110101111101011
000101000001101111101011
111010110001101111101011
001010000010011111101011
110101110010011111101011
110110001101011111101011
001001111101011111101011
010011100100000111101011
101100010100000111101011
101111101011000111101011
010000011011000111101011
100000101000110111101011
011111011000110111101011
011100100111110111101011
100011010111110111101011
011111010111001011101011
100000100111001011101011
100011011000001011101011
011100101000001011101011
101100011011111011101011
010011101011111011101011
010000010100111011101011
101111100100111011101011
110101111101100011101011
001010001101100011101011
001001110010100011101011
110110000010100011101011
000110110001010011101011
111001000001010011101011
111010111110010011101011
000101001110010011101011
110100011000101110001011
001011101000101110001011
001000010111101110001011
110111100111101110001011
000111010100011110001011
111000100100011110001011
111011011011011110001011
000100101011011110001011
011110110010000110001011
100001000010000110001011
100010111101000110001011
011101001101000110001011
101101111110110110001011
010010001110110110001011
010001110001110110001011
101110000001110110001011
010010000001001010001011
101101110001001010001011
101110001110001010001011
010001111110001010001011
100001001101111010001011
011110111101111010001011
011101000010111010001011
100010110010111010001011
111000101011100010001011
000111011011100010001011
000100100100100010001011
111011010100100010001011
001011100111010010001011
110100010111010010001011
110111101000010010001011
001000011000010010001011
011110000100101101001011
100001110100101101001011
100010001011101101001011
011101111011101101001011
101101001000011101001011
010010111000011101001011
010001000111011101001011
101110110111011101001011
110100101110000101001011
001011011110000101001011
001000100001000101001011
110111010001000101001011
000111100010110101001011
111000010010110101001011
111011101101110101001011
000100011101110101001011
111000011101001001001011
000111101101001001001011
000100010010001001001011
111011100010001001001011
001011010001111001001011
110100100001111001001011
110111011110111001001011
001000101110111001001011
010010110111100001001011
101101000111100001001011
101110111000100001001011
010001001000100001001011
100001111011010001001011
011110001011010001001011
011101110100010001001011
100010000100010001001011
111111110101010101010101
000000000101010101010101
000011111010010101010101
111100001010010101010101
001100111001100101010101
110011001001100101010101
110000110110100101010101
001111000110100101010101
010101011111111101010101
101010101111111101010101
101001010000111101010101
010110100000111101010101
100110010011001101010101
011001100011001101010101
011010011100001101010101
100101101100001101010101
011001101100110001010101
100110011100110001010101
100101100011110001010101
011010010011110001010101
101010100000000001010101
010101010000000001010101
010110101111000001010101
101001011111000001010101
110011000110011001010101
001100110110011001010101
001111001001011001010101
110000111001011001010101
000000001010101001010101
111111111010101001010101
111100000101101001010101
000011110101101001010101
010101101001010110010101
101010011001010110010101
101001100110010110010101
010110010110010110010101
100110100101100110010101
011001010101100110010101
011010101010100110010101
100101011010100110010101
111111000011111110010101
000000110011111110010101
000011001100111110010101
111100111100111110010101
001100001111001110010101
110011111111001110010101
110000000000001110010101
001111110000001110010101
110011110000110010010101
001100000000110010010101
001111111111110010010101
110000001111110010010101
000000111100000010010101
111111001100000010010101
111100110011000010010101
000011000011000010010101
011001011010011010010101
100110101010011010010101
100101010101011010010101
011010100101011010010101
101010010110101010010101
010101100110101010010101
010110011001101010010101
101001101001101010010101
011000111111010111110101
100111001111010111110101
100100110000010111110101
011011000000010111110101
101011110011100111110101
010100000011100111110101
010111111100100111110101
101000001100100111110101
110010010101111111110101
001101100101111111110101
001110011010111111110101
110001101010111111110101
000001011001001111110101
111110101001001111110101
111101010110001111110101
000010100110001111110101
111110100110110011110101
000001010110110011110101
000010101001110011110101
111101011001110011110101
001101101010000011110101
110010011010000011110101
110001100101000011110101
001110010101000011110101
010100001100011011110101
101011111100011011110101
101000000011011011110101
010111110011011011110101
100111000000101011110101
011000110000101011110101
011011001111101011110101
100100111111101011110101
110010100011010100110101
001101010011010100110101
001110101100010100110101
110001011100010100110101
000001101111100100110101
111110011111100100110101
111101100000100100110101
000010010000100100110101
011000001001111100110101
100111111001111100110101
100100000110111100110101
011011110110111100110101
101011000101001100110101
010100110101001100110101
010111001010001100110101
101000111010001100110101
010100111010110000110101
101011001010110000110101
101000110101110000110101
010111000101110000110101
100111110110000000110101
011000000110000000110101
011011111001000000110101
100100001001000000110101
111110010000011000110101
000001100000011000110101
000010011111011000110101
111101101111011000110101
001101011100101000110101
110010101100101000110101
110001010011101000110101
001110100011101000110101
001101011100010111000101
110010101100010111000101
110001010011010111000101
001110100011010111000101
111110010000100111000101
000001100000100111000101
000010011111100111000101
111101101111100111000101
100111110110111111000101
011000000110111111000101
011011111001111111000101
100100001001111111000101
010100111010001111000101
101011001010001111000101
101000110101001111000101
010111000101001111000101
101011000101110011000101
010100110101110011000101
010111001010110011000101
101000111010110011000101
011000001001000011000101
100111111001000011000101
100100000110000011000101
011011110110000011000101
000001101111011011000101
111110011111011011000101
111101100000011011000101
000010010000011011000101
110010100011101011000101
001101010011101011000101
001110101100101011000101
110001011100101011000101
100111000000010100000101
011000110000010100000101
011011001111010100000101
100100111111010100000101
010100001100100100000101
101011111100100100000101
101000000011100100000101
010111110011100100000101
001101101010111100000101
110010011010111100000101
110001100101111100000101
001110010101111100000101
111110100110001100000101
000001010110001100000101
000010101001001100000101
111101011001001100000101
000001011001110000000101
111110101001110000000101
111101010110110000000101
000010100110110000000101
110010010101000000000101
001101100101000000000101
001110011010000000000101
110001101010000000000101
101011110011011000000101
010100000011011000000101
010111111100011000000101
101000001100011000000101
011000111111101000000101
100111001111101000000101
100100110000101000000101
011011000000101000000101
101010010110010101100101
010101100110010101100101
010110011001010101100101
101001101001010101100101
011001011010100101100101
100110101010100101100101
100101010101100101100101
011010100101100101100101
000000111100111101100101
111111001100111101100101
111100110011111101100101
000011000011111101100101
110011110000001101100101
001100000000001101100101
001111111111001101100101
110000001111001101100101
001100001111110001100101
110011111111110001100101
110000000000110001100101
001111110000110001100101
111111000011000001100101
000000110011000001100101
000011001100000001100101
111100111100000001100101
100110100101011001100101
011001010101011001100101
011010101010011001100101
100101011010011001100101
010101101001101001100101
101010011001101001100101
101001100110101001100101
010110010110101001100101
000000001010010110100101
111111111010010110100101
111100000101010110100101
000011110101010110100101
110011000110100110100101
001100110110100110100101
001111001001100110100101
110000111001100110100101
101010100000111110100101
010101010000111110100101
010110101111111110100101
101001011111111110100101
011001101100001110100101
100110011100001110100101
100101100011001110100101
011010010011001110100101
100110010011110010100101
011001100011110010100101
011010011100110010100101
100101101100110010100101
010101011111000010100101
101010101111000010100101
101001010000000010100101
010110100000000010100101
001100111001011010100101
110011001001011010100101
110000110110011010100101
001111000110011010100101
111111110101101010100101
000000000101101010100101
000011111010101010100101
111100001010101010100101
100001111101110111011101
011110001101110111011101
011101110010110111011101
100010000010110111011101
010010110001000111011101
101101000001000111011101
101110111110000111011101
010001001110000111011101
001011010111011111011101
110100100111011111011101
110111011000011111011101
001000101000011111011101
111000011011101111011101
000111101011101111011101
000100010100101111011101
111011100100101111011101
000111100100010011011101
111000010100010011011101
111011101011010011011101
000100011011010011011101
110100101000100011011101
001011011000100011011101
001000100111100011011101
110111010111100011011101
101101001110111011011101
010010111110111011011101
010001000001111011011101
101110110001111011011101
011110000010001011011101
100001110010001011011101
100010001101001011011101
011101111101001011011101
001011100001110100011101
110100010001110100011101
110111101110110100011101
001000011110110100011101
111000101101000100011101
000111011101000100011101
000100100010000100011101
111011010010000100011101
100001001011011100011101
011110111011011100011101
011101000100011100011101
100010110100011100011101
010010000111101100011101
101101110111101100011101
101110001000101100011101
010001111000101100011101
101101111000010000011101
010010001000010000011101
010001110111010000011101
101110000111010000011101
011110110100100000011101
100001000100100000011101
100010111011100000011101
011101001011100000011101
000111010010111000011101
111000100010111000011101
111011011101111000011101
000100101101111000011101
110100011110001000011101
001011101110001000011101
001000010001001000011101
110111100001001000011101
000110110111110101111101
111001000111110101111101
111010111000110101111101
000101001000110101111101
110101111011000101111101
001010001011000101111101
001001110100000101111101
110110000100000101111101
101100011101011101111101
010011101101011101111101
010000010010011101111101
101111100010011101111101
011111010001101101111101
100000100001101101111101
100011011110101101111101
011100101110101101111101
100000101110010001111101
011111011110010001111101
011100100001010001111101
100011010001010001111101
010011100010100001111101
101100010010100001111101
101111101101100001111101
010000011101100001111101
001010000100111001111101
110101110100111001111101
110110001011111001111101
001001111011111001111101
111001001000001001111101
000110111000001001111101
000101000111001001111101
111010110111001001111101
101100101011110110111101
010011011011110110111101
010000100100110110111101
101111010100110110111101
011111100111000110111101
100000010111000110111101
100011101000000110111101
011100011000000110111101
000110000001011110111101
111001110001011110111101
111010001110011110111101
000101111110011110111101
110101001101101110111101
001010111101101110111101
001001000010101110111101
110110110010101110111101
001010110010010010111101
110101000010010010111101
110110111101010010111101
001001001101010010111101
111001111110100010111101
000110001110100010111101
000101110001100010111101
111010000001100010111101
100000011000111010111101
011111101000111010111101
011100010111111010111101
100011100111111010111101
010011010100001010111101
101100100100001010111101
101111011011001010111101
010000101011001010111101
010011010100110101001101
101100100100110101001101
101111011011110101001101
010000101011110101001101
100000011000000101001101
011111101000000101001101
011100010111000101001101
100011100111000101001101
111001111110011101001101
000110001110011101001101
000101110001011101001101
111010000001011101001101
001010110010101101001101
110101000010101101001101
110110111101101101001101
001001001101101101001101
110101001101010001001101
001010111101010001001101
001001000010010001001101
110110110010010001001101
000110000001100001001101
111001110001100001001101
111010001110100001001101
000101111110100001001101
011111100111111001001101
100000010111111001001101
100011101000111001001101
011100011000111001001101
101100101011001001001101
010011011011001001001101
010000100100001001001101
101111010100001001001101
111001001000110110001101
000110111000110110001101
000101000111110110001101
111010110111110110001101
001010000100000110001101
110101110100000110001101
110110001011000110001101
001001111011000110001101
010011100010011110001101
101100010010011110001101
101111101101011110001101
010000011101011110001101
100000101110101110001101
011111011110101110001101
011100100001101110001101
100011010001101110001101
011111010001010010001101
100000100001010010001101
100011011110010010001101
011100101110010010001101
101100011101100010001101
010011101101100010001101
010000010010100010001101
101111100010100010001101
110101111011111010001101
001010001011111010001101
001001110100111010001101
110110000100111010001101
000110110111001010001101
111001000111001010001101
111010111000001010001101
000101001000001010001101
110100011110110111101101
001011101110110111101101
001000010001110111101101
110111100001110111101101
000111010010000111101101
111000100010000111101101
111011011101000111101101
000100101101000111101101
011110110100011111101101
100001000100011111101101
100010111011011111101101
011101001011011111101101
101101111000101111101101
010010001000101111101101
010001110111101111101101
101110000111101111101101
010010000111010011101101
101101110111010011101101
101110001000010011101101
010001111000010011101101
100001001011100011101101
011110111011100011101101
011101000100100011101101
100010110100100011101101
111000101101111011101101
000111011101111011101101
000100100010111011101101
111011010010111011101101
001011100001001011101101
110100010001001011101101
110111101110001011101101
001000011110001011101101
011110000010110100101101
100001110010110100101101
100010001101110100101101
011101111101110100101101
101101001110000100101101
010010111110000100101101
010001000001000100101101
101110110001000100101101
110100101000011100101101
001011011000011100101101
001000100111011100101101
110111010111011100101101
000111100100101100101101
111000010100101100101101
111011101011101100101101
000100011011101100101101
111000011011010000101101
000111101011010000101101
000100010100010000101101
111011100100010000101101
001011010111100000101101
110100100111100000101101
110111011000100000101101
001000101000100000101101
010010110001111000101101
101101000001111000101101
101110111110111000101101
010001001110111000101101
100001111101001000101101
011110001101001000101101
011101110010001000101101
100010000010001000101101
111111111001100110011001
000000001001100110011001
000011110110100110011001
111100000110100110011001
001100110101010110011001
110011000101010110011001
110000111010010110011001
001111001010010110011001
010101010011001110011001
101010100011001110011001
101001011100001110011001
010110101100001110011001
100110011111111110011001
011001101111111110011001
011010010000111110011001
100101100000111110011001
011001100000000010011001
100110010000000010011001
100101101111000010011001
011010011111000010011001
101010101100110010011001
010101011100110010011001
010110100011110010011001
101001010011110010011001
110011001010101010011001
001100111010101010011001
001111000101101010011001
110000110101101010011001
000000000110011010011001
111111110110011010011001
111100001001011010011001
000011111001011010011001
010101100101100101011001
101010010101100101011001
101001101010100101011001
010110011010100101011001
100110101001010101011001
011001011001010101011001
011010100110010101011001
100101010110010101011001
111111001111001101011001
000000111111001101011001
000011000000001101011001
111100110000001101011001
001100000011111101011001
110011110011111101011001
110000001100111101011001
001111111100111101011001
110011111100000001011001
001100001100000001011001
001111110011000001011001
110000000011000001011001
000000110000110001011001
111111000000110001011001
111100111111110001011001
000011001111110001011001
011001010110101001011001
100110100110101001011001
100101011001101001011001
011010101001101001011001
101010011010011001011001
010101101010011001011001
010110010101011001011001
101001100101011001011001
011000110011100100111001
100111000011100100111001
100100111100100100111001
011011001100100100111001
101011111111010100111001
010100001111010100111001
010111110000010100111001
101000000000010100111001
110010011001001100111001
001101101001001100111001
001110010110001100111001
110001100110001100111001
000001010101111100111001
111110100101111100111001
111101011010111100111001
000010101010111100111001
111110101010000000111001
000001011010000000111001
000010100101000000111001
111101010101000000111001
001101100110110000111001
110010010110110000111001
110001101001110000111001
001110011001110000111001
010100000000101000111001
101011110000101000111001
101000001111101000111001
010111111111101000111001
100111001100011000111001
011000111100011000111001
011011000011011000111001
100100110011011000111001
110010101111100111111001
001101011111100111111001
001110100000100111111001
110001010000100111111001
000001100011010111111001
111110010011010111111001
111101101100010111111001
000010011100010111111001
011000000101001111111001
100111110101001111111001
100100001010001111111001
011011111010001111111001
101011001001111111111001
010100111001111111111001
010111000110111111111001
101000110110111111111001
010100110110000011111001
101011000110000011111001
101000111001000011111001
010111001001000011111001
100111111010110011111001
011000001010110011111001
011011110101110011111001
100100000101110011111001
111110011100101011111001
000001101100101011111001
000010010011101011111001
111101100011101011111001
001101010000011011111001
110010100000011011111001
110001011111011011111001
001110101111011011111001
001101010000100100001001
110010100000100100001001
110001011111100100001001
001110101111100100001001
111110011100010100001001
000001101100010100001001
000010010011010100001001
111101100011010100001001
100111111010001100001001
011000001010001100001001
011011110101001100001001
100100000101001100001001
010100110110111100001001
101011000110111100001001
101000111001111100001001
010111001001111100001001
101011001001000000001001
010100111001000000001001
010111000110000000001001
101000110110000000001001
011000000101110000001001
100111110101110000001001
100100001010110000001001
011011111010110000001001
000001100011101000001001
111110010011101000001001
111101101100101000001001
000010011100101000001001
110010101111011000001001
001101011111011000001001
001110100000011000001001
110001010000011000001001
100111001100100111001001
011000111100100111001001
011011000011100111001001
100100110011100111001001
010100000000010111001001
101011110000010111001001
101000001111010111001001
010111111111010111001001
001101100110001111001001
110010010110001111001001
110001101001001111001001
001110011001001111001001
111110101010111111001001
000001011010111111001001
000010100101111111001001
111101010101111111001001
000001010101000011001001
111110100101000011001001
111101011010000011001001
000010101010000011001001
110010011001110011001001
001101101001110011001001
001110010110110011001001
110001100110110011001001
101011111111101011001001
010100001111101011001001
010111110000101011001001
101000000000101011001001
011000110011011011001001
100111000011011011001001
100100111100011011001001
011011001100011011001001
101010011010100110101001
010101101010100110101001
010110010101100110101001
101001100101100110101001
011001010110010110101001
100110100110010110101001
100101011001010110101001
011010101001010110101001
000000110000001110101001
111111000000001110101001
111100111111001110101001
000011001111001110101001
110011111100111110101001
001100001100111110101001
001111110011111110101001
110000000011111110101001
001100000011000010101001
110011110011000010101001
110000001100000010101001
001111111100000010101001
111111001111110010101001
000000111111110010101001
000011000000110010101001
111100110000110010101001
100110101001101010101001
011001011001101010101001
011010100110101010101001
100101010110101010101001
010101100101011010101001
101010010101011010101001
101001101010011010101001
010110011010011010101001
000000000110100101101001
111111110110100101101001
111100001001100101101001
000011111001100101101001
110011001010010101101001
001100111010010101101001
001111000101010101101001
110000110101010101101001
101010101100001101101001
010101011100001101101001
010110100011001101101001
101001010011001101101001
011001100000111101101001
100110010000111101101001
100101101111111101101001
011010011111111101101001
100110011111000001101001
011001101111000001101001
011010010000000001101001
100101100000000001101001
010101010011110001101001
101010100011110001101001
101001011100110001101001
010110101100110001101001
001100110101101001101001
110011000101101001101001
110000111010101001101001
001111001010101001101001
111111111001011001101001
000000001001011001101001
000011110110011001101001
111100000110011001101001
100001110001000100010001
011110000001000100010001
011101111110000100010001
100010001110000100010001
010010111101110100010001
101101001101110100010001
101110110010110100010001
010001000010110100010001
001011011011101100010001
110100101011101100010001
110111010100101100010001
001000100100101100010001
111000010111011100010001
000111100111011100010001
000100011000011100010001
111011101000011100010001
000111101000100000010001
111000011000100000010001
111011100111100000010001
000100010111100000010001
110100100100010000010001
001011010100010000010001
001000101011010000010001
110111011011010000010001
101101000010001000010001
010010110010001000010001
010001001101001000010001
101110111101001000010001
011110001110111000010001
100001111110111000010001
100010000001111000010001
011101110001111000010001
001011101101000111010001
110100011101000111010001
110111100010000111010001
001000010010000111010001
111000100001110111010001
000111010001110111010001
000100101110110111010001
111011011110110111010001
100001000111101111010001
011110110111101111010001
011101001000101111010001
100010111000101111010001
010010001011011111010001
101101111011011111010001
101110000100011111010001
010001110100011111010001
101101110100100011010001
010010000100100011010001
010001111011100011010001
101110001011100011010001
011110111000010011010001
100001001000010011010001
100010110111010011010001
011101000111010011010001
000111011110001011010001
111000101110001011010001
111011010001001011010001
000100100001001011010001
110100010010111011010001
001011100010111011010001
001000011101111011010001
110111101101111011010001
000110111011000110110001
111001001011000110110001
111010110100000110110001
000101000100000110110001
110101110111110110110001
001010000111110110110001
001001111000110110110001
110110001000110110110001
101100010001101110110001
010011100001101110110001
010000011110101110110001
101111101110101110110001
011111011101011110110001
100000101101011110110001
100011010010011110110001
011100100010011110110001
100000100010100010110001
011111010010100010110001
011100101101100010110001
100011011101100010110001
010011101110010010110001
101100011110010010110001
101111100001010010110001
010000010001010010110001
001010001000001010110001
110101111000001010110001
110110000111001010110001
001001110111001010110001
111001000100111010110001
000110110100111010110001
000101001011111010110001
111010111011111010110001
101100100111000101110001
010011010111000101110001
010000101000000101110001
101111011000000101110001
011111101011110101110001
100000011011110101110001
100011100100110101110001
011100010100110101110001
000110001101101101110001
111001111101101101110001
111010000010101101110001
000101110010101101110001
110101000001011101110001
001010110001011101110001
001001001110011101110001
110110111110011101110001
001010111110100001110001
110101001110100001110001
110110110001100001110001
001001000001100001110001
111001110010010001110001
000110000010010001110001
000101111101010001110001
111010001101010001110001
100000010100001001110001
011111100100001001110001
011100011011001001110001
100011101011001001110001
010011011000111001110001
101100101000111001110001
101111010111111001110001
010000100111111001110001
010011011000000110000001
101100101000000110000001
101111010111000110000001
010000100111000110000001
100000010100110110000001
011111100100110110000001
011100011011110110000001
100011101011110110000001
111001110010101110000001
000110000010101110000001
000101111101101110000001
111010001101101110000001
001010111110011110000001
110101001110011110000001
110110110001011110000001
001001000001011110000001
110101000001100010000001
001010110001100010000001
001001001110100010000001
110110111110100010000001
000110001101010010000001
111001111101010010000001
111010000010010010000001
000101110010010010000001
011111101011001010000001
100000011011001010000001
100011100100001010000001
011100010100001010000001
101100100111111010000001
010011010111111010000001
010000101000111010000001
101111011000111010000001
111001000100000101000001
000110110100000101000001
000101001011000101000001
111010111011000101000001
001010001000110101000001
110101111000110101000001
110110000111110101000001
001001110111110101000001
010011101110101101000001
101100011110101101000001
101111100001101101000001
010000010001101101000001
100000100010011101000001
011111010010011101000001
011100101101011101000001
100011011101011101000001
011111011101100001000001
100000101101100001000001
100011010010100001000001
011100100010100001000001
101100010001010001000001
010011100001010001000001
010000011110010001000001
101111101110010001000001
110101110111001001000001
001010000111001001000001
001001111000001001000001
110110001000001001000001
000110111011111001000001
111001001011111001000001
111010110100111001000001
000101000100111001000001
110100010010000100100001
001011100010000100100001
001000011101000100100001
110111101101000100100001
000111011110110100100001
111000101110110100100001
111011010001110100100001
000100100001110100100001
011110111000101100100001
100001001000101100100001
100010110111101100100001
011101000111101100100001
101101110100011100100001
010010000100011100100001
010001111011011100100001
101110001011011100100001
010010001011100000100001
101101111011100000100001
101110000100100000100001
010001110100100000100001
100001000111010000100001
011110110111010000100001
011101001000010000100001
100010111000010000100001
111000100001001000100001
000111010001001000100001
000100101110001000100001
111011011110001000100001
001011101101111000100001
110100011101111000100001
110111100010111000100001
001000010010111000100001
011110001110000111100001
100001111110000111100001
100010000001000111100001
011101110001000111100001
101101000010110111100001
010010110010110111100001
010001001101110111100001
101110111101110111100001
110100100100101111100001
001011010100101111100001
001000101011101111100001
110111011011101111100001
000111101000011111100001
111000011000011111100001
111011100111011111100001
000100010111011111100001
111000010111100011100001
000111100111100011100001
000100011000100011100001
111011101000100011100001
001011011011010011100001
110100101011010011100001
110111010100010011100001
001000100100010011100001
010010111101001011100001
101101001101001011100001
101110110010001011100001
010001000010001011100001
100001110001111011100001
011110000001111011100001
011101111110111011100001
100010001110111011100001
